日期,USD/CNY,EUR/CNY,100JPY/CNY,HKD/CNY,GBP/CNY,AUD/CNY,NZD/CNY,SGD/CNY,CHF/CNY,CAD/CNY,CNY/MOP,CNY/MYR,CNY/RUB,CNY/ZAR,CNY/KRW,CNY/AED,CNY/SAR,CNY/HUF,CNY/PLN,CNY/DKK,CNY/SEK,CNY/NOK,CNY/TRY,CNY/MXN,CNY/THB
2025-04-17,7.2085,8.2470,5.1173,0.92888,9.5763,4.6188,4.3120,5.5229,8.8818,5.2301,1.1097,0.60892,11.3843,2.6043,195.32,0.50709,0.51803,49.3775,0.51814,0.9065,1.3465,1.4595,5.25918,2.7554,4.5556
2025-04-16,7.2133,8.1789,5.0801,0.92997,9.5985,4.5940,4.2818,5.4989,8.8322,5.2045,1.1084,0.60891,11.4224,2.6292,196.30,0.50609,0.51707,49.8028,0.52433,0.9155,1.3624,1.4707,5.24000,2.7792,4.5973
2025-04-15,7.2096,8.2092,5.0718,0.92948,9.5394,4.5860,4.2721,5.4992,8.8636,5.2182,1.1090,0.60926,11.2550,2.6097,196.03,0.50686,0.51788,49.9488,0.52091,0.9102,1.3497,1.4599,5.23778,2.7758,4.6185
2025-04-14,7.2110,8.2220,5.0509,0.92950,9.4723,4.5592,4.2434,5.4837,8.8435,5.2262,1.1086,0.61073,11.4140,2.6380,196.40,0.50639,0.51747,49.8942,0.52216,0.9102,1.3484,1.4665,5.23430,2.8035,4.6199
2025-04-11,7.2087,8.1339,5.0305,0.92922,9.3897,4.5052,4.1667,5.4353,8.7637,5.1835,1.1093,0.61467,11.4473,2.6882,200.25,0.50754,0.51863,50.1556,0.52455,0.9203,1.3607,1.4848,5.25283,2.8507,4.6796
2025-04-10,7.2092,7.9462,4.9365,0.92906,9.3127,4.4702,4.1122,5.3979,8.4626,5.1496,1.1094,0.61768,11.7088,2.6749,199.93,0.50630,0.51742,50.8009,0.53327,0.9418,1.3715,1.4791,5.22312,2.8078,4.6969
2025-04-09,7.2066,7.9620,4.9930,0.92791,9.2832,4.3243,4.0139,5.3589,8.5546,5.0903,1.1108,0.61992,11.6906,2.7245,202.97,0.50651,0.51770,51.1737,0.53627,0.9396,1.3768,1.5033,5.22383,2.8843,4.7780
2025-04-08,7.2038,7.9155,4.9160,0.92701,9.2563,4.3729,4.0408,5.3601,8.4216,5.1019,1.1119,0.61901,11.7808,2.7025,201.84,0.50648,0.51765,51.5256,0.54297,0.9452,1.3847,1.5071,5.23387,2.8605,4.7453
2025-04-07,7.1980,7.9356,4.9942,0.92612,9.3439,4.3555,4.0336,5.3719,8.4607,5.0921,1.1137,0.61467,11.5881,2.6622,202.14,0.50763,0.51862,51.1488,0.53732,0.9414,1.3793,1.4877,5.24620,2.8557,4.7484
2025-04-03,7.1889,7.8414,4.8767,0.92353,9.3903,4.5185,4.1367,5.3478,8.1915,5.0650,1.1158,0.61947,11.6222,2.6328,202.55,0.50990,0.52066,51.1452,0.53275,0.9522,1.3679,1.4432,5.26140,2.8149,4.7457
2025-04-02,7.1793,7.7826,4.8224,0.92267,9.3163,4.5373,4.1290,5.3621,8.1491,5.0508,1.1169,0.61676,11.6325,2.5639,203.46,0.50924,0.52008,51.6550,0.53747,0.9594,1.3882,1.4511,5.25693,2.8236,4.7241
2025-04-01,7.1775,7.7913,4.8085,0.92257,9.3054,4.5016,4.0960,5.3601,8.1417,5.0097,1.1170,0.61706,11.4641,2.5444,203.78,0.50972,0.52052,51.6965,0.53719,0.9581,1.3934,1.4585,5.26142,2.8459,4.7001
2025-03-31,7.1782,7.7962,4.8355,0.92283,9.3183,4.5270,4.1185,5.3631,8.1737,5.0375,1.1168,0.61658,11.6960,2.5599,203.26,0.50949,0.52027,51.5637,0.53593,0.9579,1.3887,1.4548,5.26250,2.8338,4.7032
2025-03-28,7.1752,7.7755,4.7821,0.92273,9.3254,4.5415,4.1436,5.3764,8.1596,5.0398,1.1171,0.61484,11.6275,2.5319,202.60,0.50963,0.52044,51.5999,0.53777,0.9603,1.3874,1.4553,5.25481,2.8209,4.6839
2025-03-27,7.1763,7.7485,4.8045,0.92294,9.2892,4.5423,4.1403,5.3746,8.1499,5.0518,1.1169,0.61475,11.6156,2.5375,202.79,0.50896,0.51982,51.6960,0.54037,0.9637,1.3959,1.4652,5.26306,2.8083,4.6955
2025-03-26,7.1754,7.7689,4.8129,0.92286,9.3222,4.5469,4.1408,5.3895,8.1527,5.0515,1.1169,0.61512,11.6615,2.5383,202.49,0.50962,0.52054,51.3532,0.53577,0.9608,1.3928,1.4590,5.26228,2.7856,4.6821
2025-03-25,7.1788,7.7864,4.7886,0.92342,9.3129,4.5370,4.1400,5.3821,8.1582,5.0394,1.1160,0.61583,11.5721,2.5347,203.00,0.50918,0.52001,51.2311,0.53610,0.9585,1.4012,1.4600,5.25109,2.7839,4.6949
2025-03-24,7.1780,7.8004,4.8247,0.92347,9.3085,4.5333,4.1477,5.3935,8.1507,5.0306,1.1160,0.61367,11.6570,2.5300,202.83,0.50962,0.52045,50.9675,0.53773,0.9568,1.4046,1.4615,5.26935,2.8098,4.6896
2025-03-21,7.1760,7.8209,4.8504,0.92328,9.3401,4.5381,4.1582,5.3939,8.1669,5.0333,1.1162,0.61454,11.6926,2.5225,203.16,0.50972,0.52054,51.0031,0.53640,0.9543,1.4052,1.4636,5.26860,2.7997,4.6705
2025-03-20,7.1754,7.8457,4.8498,0.92353,9.3586,4.5770,4.1918,5.4089,8.2009,5.0283,1.1159,0.61569,11.6215,2.5196,202.45,0.51029,0.52113,50.7538,0.53297,0.9510,1.4030,1.4669,5.26028,2.7884,4.6578
2025-03-19,7.1697,7.8633,4.8189,0.92278,9.3448,4.5760,4.1905,5.4023,8.1947,5.0308,1.1167,0.61786,11.3248,2.5221,201.25,0.51078,0.52157,50.5528,0.53147,0.9490,1.3973,1.4684,5.10118,2.7711,4.6645
2025-03-18,7.1733,7.8439,4.8194,0.92323,9.3295,4.5900,4.1939,5.4049,8.1482,5.0308,1.1162,0.61842,11.5607,2.5188,200.47,0.51098,0.52183,50.7284,0.53333,0.9516,1.4038,1.4670,5.09473,2.7791,4.6622
2025-03-17,7.1688,7.8196,4.8430,0.92242,9.2941,4.5511,4.1418,5.3914,8.1251,5.0068,1.1172,0.61807,11.8371,2.5342,201.51,0.51085,0.52170,51.0795,0.53500,0.9545,1.4097,1.4799,5.09630,2.7748,4.6670
2025-03-14,7.1738,7.8113,4.8767,0.92303,9.3249,4.5310,4.1154,5.3880,8.1488,4.9947,1.1165,0.61696,11.9005,2.5427,201.46,0.50985,0.52063,51.1543,0.53512,0.9555,1.4148,1.4833,5.08935,2.7923,4.6648
2025-03-13,7.1728,7.8340,4.8662,0.92323,9.3316,4.5523,4.1393,5.4010,8.1571,5.0160,1.1162,0.61494,12.0349,2.5493,201.12,0.50997,0.52074,50.9609,0.53458,0.9525,1.4016,1.4774,5.07710,2.8058,4.6833
2025-03-12,7.1696,7.8440,4.8663,0.92268,9.3040,4.5284,4.1151,5.4026,8.1327,4.9848,1.1169,0.61432,11.8499,2.5358,201.65,0.51078,0.52162,51.1001,0.53477,0.9513,1.3927,1.4827,5.08630,2.8213,4.6784
2025-03-11,7.1741,7.8118,4.9195,0.92360,9.2801,4.5294,4.1170,5.4030,8.1816,5.0001,1.1158,0.61429,12.0796,2.5480,201.59,0.50944,0.52036,51.1897,0.53740,0.9555,1.4033,1.4926,5.06952,2.8279,4.6870
2025-03-10,7.1733,7.8093,4.8847,0.92305,9.2994,4.5381,4.1176,5.4113,8.1882,5.0077,1.1165,0.61299,12.4303,2.5425,200.78,0.51040,0.52140,50.9719,0.53365,0.9555,1.4001,1.5059,5.06721,2.8192,4.6709
2025-03-07,7.1705,7.7607,4.8706,0.92256,9.2665,4.5590,4.1374,5.3970,8.1363,5.0368,1.1170,0.61555,12.2904,2.5240,200.56,0.51048,0.52132,51.4736,0.53777,0.9618,1.4125,1.5126,5.06890,2.8225,4.6738
2025-03-06,7.1692,7.7573,4.8378,0.92252,9.2636,4.5589,4.1284,5.4008,8.0600,5.0176,1.1171,0.61474,12.4840,2.5490,200.37,0.51080,0.52166,51.3327,0.53532,0.9622,1.4174,1.5177,5.06320,2.8404,4.6597
2025-03-05,7.1714,7.6452,4.8179,0.92249,9.2058,4.5181,4.0877,5.3802,8.0768,5.0053,1.1171,0.61850,12.3640,2.5711,201.33,0.50997,0.52079,52.1618,0.54495,0.9766,1.4464,1.5412,5.05589,2.8551,4.6633
2025-03-04,7.1739,7.5557,4.8395,0.92244,9.1533,4.4876,4.0610,5.3525,8.0236,4.9814,1.1171,0.61943,12.3120,2.5846,201.46,0.50940,0.52018,52.9468,0.55040,0.9882,1.4573,1.5528,5.05105,2.8785,4.6983
2025-03-03,7.1745,7.5139,4.7960,0.92252,9.0952,4.4967,4.0629,5.3440,7.9854,5.0041,1.1173,0.61859,12.2784,2.5834,201.41,0.50865,0.51943,53.5237,0.55656,0.9934,1.4847,1.5556,5.05438,2.8444,4.7128
2025-02-28,7.1738,7.5045,4.8336,0.92260,9.0994,4.5101,4.0806,5.3522,8.0191,5.0079,1.1172,0.61810,12.0381,2.5603,199.89,0.50840,0.51919,53.3957,0.55513,0.9946,1.4885,1.5562,5.05296,2.8419,4.6946
2025-02-27,7.1740,7.5556,4.8495,0.92302,9.1350,4.5515,4.1182,5.3844,8.0505,5.0308,1.1167,0.61469,11.9647,2.5567,198.38,0.50951,0.52028,52.8516,0.54764,0.9877,1.4766,1.5477,5.05456,2.8367,4.6671
2025-02-26,7.1732,7.5713,4.8443,0.92298,9.1200,4.5760,4.1376,5.3878,8.0562,5.0372,1.1168,0.61345,11.9347,2.5615,198.29,0.51003,0.52075,52.9574,0.54660,0.9857,1.4710,1.5422,5.05823,2.8449,4.6745
2025-02-25,7.1726,7.5322,4.8137,0.92245,9.0865,4.5727,4.1370,5.3759,8.0156,5.0527,1.1174,0.61288,12.1016,2.5540,198.15,0.50980,0.52052,53.2576,0.55013,0.9909,1.4806,1.5446,5.04519,2.8474,4.6381
2025-02-24,7.1717,7.5475,4.8332,0.92306,9.1115,4.5928,4.1537,5.3914,8.0106,5.0734,1.1167,0.61309,12.2042,2.5548,198.60,0.50994,0.52065,53.4485,0.55137,0.9891,1.4750,1.5419,5.05775,2.8345,4.6419
2025-02-21,7.1696,7.5388,4.8227,0.92210,9.1081,4.6026,4.1511,5.3959,7.9978,5.0781,1.1176,0.61424,12.2403,2.5521,198.84,0.51063,0.52141,53.2668,0.55113,0.9915,1.4797,1.5463,5.05395,2.8263,4.6505
2025-02-20,7.1712,7.5024,4.7807,0.92210,9.0743,4.5730,4.1187,5.3689,7.9623,5.0720,1.1180,0.61628,12.2972,2.5732,198.96,0.50899,0.51973,53.5733,0.55611,0.9971,1.4898,1.5485,5.02634,2.8421,4.6569
2025-02-19,7.1705,7.5178,4.7559,0.92209,9.1024,4.5783,4.1185,5.3707,7.9679,5.0886,1.1178,0.61665,12.5734,2.5573,199.08,0.50907,0.51980,53.2480,0.55094,0.9941,1.4894,1.5510,5.02585,2.8130,4.6489
2025-02-18,7.1697,7.5331,4.7616,0.92135,9.0834,4.5721,4.1281,5.3671,7.9815,5.0803,1.1185,0.61598,12.6010,2.5613,199.50,0.50993,0.52069,53.2234,0.55109,0.9921,1.4880,1.5457,5.02807,2.8213,4.6636
2025-02-17,7.1702,7.5394,4.7424,0.92110,9.0580,4.5730,4.1306,5.3695,7.9903,5.0821,1.1191,0.61457,12.5775,2.5529,199.46,0.50978,0.52056,53.2546,0.55187,0.9918,1.4881,1.5476,5.02128,2.8248,4.6670
2025-02-14,7.1706,7.5318,4.7170,0.92091,9.0423,4.5521,4.1044,5.3605,7.9574,5.0784,1.1193,0.61682,12.3335,2.5722,199.55,0.51006,0.52082,53.3741,0.55336,0.9918,1.4904,1.5484,5.01864,2.8379,4.6539
2025-02-13,7.1719,7.5061,4.6921,0.92090,8.9848,4.5430,4.0925,5.3338,7.8878,5.0576,1.1193,0.61944,12.8607,2.5693,200.18,0.50840,0.51915,53.6130,0.55510,0.9958,1.5061,1.5598,4.99201,2.8508,4.6853
2025-02-12,7.1710,7.4735,4.7385,0.92021,8.9770,4.5489,4.0994,5.3311,7.8856,5.0578,1.1199,0.61943,13.2148,2.5703,200.06,0.50881,0.51949,53.9252,0.55817,0.9991,1.5045,1.5524,4.98180,2.8531,4.6962
2025-02-11,7.1716,7.4369,4.7702,0.92075,8.9229,4.5368,4.0865,5.3243,7.9098,5.0471,1.1191,0.61855,13.2257,2.5589,199.90,0.50825,0.51891,54.4139,0.56267,1.0039,1.5126,1.5537,4.97712,2.8632,4.6729
2025-02-10,7.1707,7.4325,4.7761,0.92054,8.9366,4.5258,4.0991,5.3201,7.9192,5.0476,1.1195,0.61641,13.3034,2.5712,200.06,0.50835,0.51911,54.4592,0.56340,1.0033,1.5173,1.5597,4.96273,2.8527,4.6623
2025-02-07,7.1699,7.4815,4.7709,0.92084,8.9596,4.5344,4.1051,5.3360,7.9533,5.0450,1.1191,0.61478,13.2901,2.5611,199.80,0.50932,0.52009,54.0858,0.56009,0.9983,1.5119,1.5553,4.98316,2.8431,4.6658
2025-02-06,7.1691,7.4843,4.7237,0.92054,8.9968,4.5293,4.1099,5.3392,7.9731,5.0336,1.1195,0.61418,13.4997,2.5797,199.84,0.51014,0.52096,54.2603,0.56127,0.9976,1.5148,1.5593,4.98118,2.8633,4.6424
2025-02-05,7.1693,7.4794,4.6784,0.92079,9.0011,4.5167,4.0896,5.3359,7.9604,5.0431,1.1192,0.61450,13.8219,2.5928,200.61,0.50889,0.51962,54.4647,0.56290,0.9986,1.5215,1.5597,4.98043,2.8496,4.6490
2025-01-27,7.1698,7.5301,4.6311,0.92055,8.9592,4.5307,4.1071,5.3376,7.9237,5.0051,1.1194,0.60897,13.5336,2.5769,198.15,0.51052,0.52133,54.1252,0.55925,0.9917,1.5199,1.5595,4.94953,2.8432,4.6623
2025-01-24,7.1705,7.5062,4.6337,0.92044,8.9011,4.5362,4.1063,5.3178,7.9315,5.0195,1.1196,0.61616,13.7162,2.5715,198.24,0.50928,0.52015,54.6311,0.56147,0.9949,1.5263,1.5641,4.94118,2.8315,4.6925
2025-01-23,7.1708,7.5018,4.6238,0.92097,8.8747,4.5278,4.0980,5.3184,7.9432,5.0165,1.1193,0.61590,13.6396,2.5712,198.47,0.50913,0.51999,54.7476,0.56293,0.9955,1.5261,1.5645,4.93558,2.8477,4.6788
2025-01-22,7.1696,7.4976,4.6408,0.92076,8.8824,4.5176,4.0928,5.3212,7.9362,5.0317,1.1192,0.62002,13.7176,2.5719,198.29,0.50971,0.52064,54.8867,0.56697,0.9961,1.5259,1.5699,4.94078,2.8710,4.6948
2025-01-21,7.1703,7.5002,4.6550,0.92129,8.8880,4.5238,4.1000,5.3229,7.9486,5.0498,1.1186,0.61883,13.8440,2.5699,198.74,0.50888,0.51983,54.6660,0.56542,0.9974,1.5291,1.5701,4.92189,2.8443,4.7135
2025-01-20,7.1886,7.4228,4.6475,0.92340,8.8109,4.4829,4.0510,5.2897,7.9020,5.0110,1.1159,0.62273,13.9888,2.5876,200.10,0.50670,0.51761,55.4829,0.57280,1.0089,1.5433,1.5834,4.89933,2.8661,4.7346
2025-01-17,7.1889,7.4562,4.6700,0.92304,8.8557,4.5036,4.0795,5.2933,7.9299,5.0369,1.1164,0.62193,14.1408,2.6045,200.02,0.50698,0.51786,55.3224,0.57203,1.0018,1.5394,1.5687,4.90035,2.8839,4.7484
2025-01-16,7.1881,7.4442,4.6375,0.92326,8.8512,4.5177,4.0887,5.2910,7.9128,5.0556,1.1163,0.62184,14.0109,2.6005,200.04,0.50747,0.51846,55.2319,0.57196,1.0035,1.5408,1.5647,4.89392,2.8341,4.7524
2025-01-15,7.1883,7.4531,4.5978,0.92314,8.8308,4.4871,4.0733,5.2921,7.9145,5.0501,1.1162,0.62205,14.0400,2.6197,200.78,0.50725,0.51833,55.2885,0.57219,1.0024,1.5443,1.5723,4.89350,2.8416,4.7679
2025-01-14,7.1878,7.4206,4.6128,0.92346,8.8448,4.4855,4.0705,5.2897,7.8829,5.0465,1.1159,0.62223,14.0399,2.6319,201.43,0.50748,0.51858,55.5857,0.57515,1.0068,1.5510,1.5761,4.89681,2.8549,4.7713
2025-01-13,7.1885,7.4222,4.6067,0.92308,8.8459,4.4698,4.0526,5.2818,7.8931,5.0376,1.1166,0.62273,13.8894,2.6349,201.96,0.50638,0.51746,55.6678,0.57499,1.0060,1.5420,1.5782,4.87857,2.8559,4.7589
2025-01-10,7.1891,7.4527,4.5961,0.92389,8.9045,4.4931,4.0722,5.2899,7.9210,5.0359,1.1158,0.62121,13.9473,2.6176,200.27,0.50707,0.51826,55.5007,0.57203,1.0024,1.5410,1.5746,4.87760,2.8390,4.7454
2025-01-09,7.1886,7.4694,4.5944,0.92404,8.9517,4.5085,4.0806,5.2928,7.9364,5.0490,1.1141,0.62211,14.2535,2.6170,200.14,0.50668,0.51786,55.4549,0.57243,1.0000,1.5388,1.5742,4.87222,2.8250,4.7560
2025-01-08,7.1887,7.4905,4.5991,0.92453,9.0345,4.5240,4.1040,5.3054,7.9505,5.0528,1.1149,0.62006,14.6444,2.5859,199.60,0.50679,0.51800,55.4456,0.56883,0.9974,1.5334,1.5647,4.86840,2.8148,4.7462
2025-01-07,7.1879,7.5035,4.6002,0.92453,9.0399,4.5180,4.0966,5.3006,7.9694,5.0495,1.1148,0.62310,14.6879,2.5746,201.10,0.50782,0.51916,55.4407,0.56650,0.9953,1.5282,1.5626,4.87845,2.8167,4.7655
2025-01-06,7.1876,7.4443,4.6065,0.92406,8.9769,4.5033,4.0773,5.2743,7.9348,5.0159,1.1155,0.62226,15.1225,2.5999,202.28,0.50794,0.51931,55.7543,0.57329,1.0025,1.5369,1.5692,4.87205,2.8573,4.7455
2025-01-03,7.1878,7.4269,4.6067,0.92427,8.9571,4.4964,4.0646,5.2817,7.9216,5.0302,1.1151,0.61973,15.6920,2.5942,202.04,0.50750,0.51880,55.6734,0.57611,1.0057,1.5403,1.5730,4.88598,2.8547,4.7304
2025-01-02,7.1879,7.4910,4.6123,0.92489,9.0584,4.4904,4.0708,5.2991,7.9669,5.0442,1.1136,0.61866,15.5494,2.6092,202.71,0.50714,0.51854,54.8765,0.57119,0.9963,1.5280,1.5721,4.87965,2.8855,4.7132
2024-12-31,7.1884,7.5257,4.6233,0.92604,9.0765,4.5070,4.0955,5.3214,7.9977,5.0498,1.1130,0.61732,15.1387,2.6014,202.52,0.50732,0.51856,54.6486,0.56827,0.9917,1.5233,1.5658,4.87550,2.8590,4.7028
2024-12-30,7.1889,7.5407,4.5953,0.92584,9.0968,4.5104,4.0941,5.3234,8.0124,5.0267,1.1134,0.61798,14.3849,2.5889,202.58,0.50773,0.51887,54.5369,0.56639,0.9899,1.5204,1.5688,4.86458,2.8153,4.6913
2024-12-27,7.1893,7.5337,4.5979,0.92564,9.0564,4.5059,4.0822,5.3197,8.0333,5.0242,1.1133,0.61783,13.7045,2.6102,202.46,0.50773,0.51908,54.5281,0.56589,0.9910,1.5276,1.5758,4.86550,2.8011,4.7026
2024-12-26,7.1897,7.5157,4.6138,0.92572,9.0641,4.5189,4.1010,5.3197,8.0223,5.0432,1.1126,0.61955,13.6646,2.5902,200.78,0.50782,0.51911,54.6960,0.56661,0.9935,1.5322,1.5693,4.85607,2.7926,4.7083
2024-12-25,7.1868,7.5178,4.6161,0.92532,9.0569,4.5178,4.0996,5.3168,8.0170,5.0421,1.1133,0.62075,13.7352,2.5880,200.77,0.50782,0.51914,54.6351,0.56617,0.9933,1.5314,1.5689,4.84730,2.7926,4.7054
2024-12-24,7.1876,7.5235,4.6171,0.92506,9.0630,4.5246,4.1004,5.3282,8.0378,5.0400,1.1134,0.62083,13.8678,2.5688,199.80,0.50762,0.51915,54.8516,0.56697,0.9924,1.5264,1.5694,4.86603,2.7952,4.7202
2024-12-23,7.1870,7.5315,4.6287,0.92468,9.0721,4.5205,4.0951,5.3309,8.0728,5.0327,1.1145,0.62238,14.1280,2.5379,199.29,0.50841,0.51981,54.9190,0.56507,0.9912,1.5264,1.5674,4.86248,2.7816,4.7329
2024-12-20,7.1901,7.4984,4.6073,0.92545,9.0428,4.5186,4.0876,5.3145,8.0397,5.0346,1.1139,0.62336,14.1816,2.5485,199.07,0.50728,0.51888,55.3348,0.56783,0.9955,1.5238,1.5801,4.85163,2.8167,4.7601
2024-12-19,7.1911,7.4998,4.6943,0.92526,9.1038,4.5090,4.0910,5.3119,8.0217,5.0212,1.1137,0.62020,14.3629,2.5354,199.00,0.50711,0.51861,55.1547,0.56957,0.9958,1.5356,1.5709,4.83568,2.8226,4.7464
2024-12-18,7.1880,7.5830,4.7185,0.92518,9.1854,4.5856,4.1731,5.3563,8.0870,5.0559,1.1138,0.61678,14.3527,2.5069,198.18,0.50802,0.51956,53.9870,0.56300,0.9844,1.5157,1.5487,4.83876,2.7958,4.7175
2024-12-17,7.1891,7.5970,4.6986,0.92480,9.1656,4.6101,4.1934,5.3528,8.0682,5.0803,1.1148,0.61607,14.2283,2.4749,198.11,0.50865,0.51960,53.8299,0.56028,0.9829,1.5059,1.5426,4.83133,2.7910,4.6987
2024-12-16,7.1882,7.5874,4.7165,0.92444,9.1164,4.6042,4.1805,5.3550,8.0859,5.0818,1.1147,0.61629,14.3648,2.4759,197.88,0.50834,0.51989,53.9477,0.56173,0.9836,1.5198,1.5436,4.83430,2.7886,4.7122
2024-12-13,7.1876,7.5675,4.7421,0.92442,9.1578,4.6061,4.1781,5.3616,8.0969,5.0874,1.1148,0.61478,14.4437,2.4644,197.43,0.50850,0.52023,54.1388,0.56540,0.9863,1.5239,1.5452,4.83550,2.8031,4.6850
2024-12-12,7.1854,7.5789,4.7488,0.92416,9.2066,4.6084,4.1889,5.3713,8.1610,5.1035,1.1150,0.61381,14.5604,2.4555,197.41,0.50874,0.52052,54.0942,0.56340,0.9845,1.5196,1.5435,4.82562,2.7931,4.6769
2024-12-11,7.1843,7.6004,4.7625,0.92392,9.2220,4.6093,4.1978,5.3802,8.1724,5.0963,1.1154,0.61374,14.2183,2.4697,198.07,0.50864,0.52036,53.9764,0.56024,0.9815,1.5182,1.5434,4.82588,2.7968,4.6634
2024-12-10,7.1896,7.6216,4.7852,0.92508,9.2059,4.6553,4.2446,5.3865,8.2100,5.1025,1.1140,0.61327,13.7542,2.4651,197.34,0.50825,0.51984,54.0185,0.55840,0.9790,1.5102,1.5395,4.81564,2.8070,4.6662
2024-12-09,7.1870,7.6198,4.8233,0.92373,9.1951,4.6220,4.2211,5.3780,8.2050,5.1030,1.1156,0.61228,13.8198,2.4995,196.87,0.50881,0.52041,54.3426,0.56009,0.9791,1.5146,1.5445,4.81759,2.7997,4.7045
2024-12-06,7.1848,7.6243,4.8090,0.92320,9.1887,4.6493,4.2474,5.3864,8.1933,5.1418,1.1163,0.61295,13.9092,2.5035,195.81,0.50970,0.52130,54.1107,0.55913,0.9789,1.5058,1.5321,4.81658,2.8057,4.7263
2024-12-05,7.1879,7.5889,4.8039,0.92350,9.1684,4.6468,4.2384,5.3733,8.1609,5.1352,1.1159,0.61528,14.4513,2.5193,195.14,0.50857,0.52033,54.5030,0.56397,0.9835,1.5128,1.5308,4.80773,2.8153,4.7327
2024-12-04,7.1934,7.5945,4.8428,0.92416,9.1572,4.6919,4.2638,5.3743,8.1445,5.1441,1.1151,0.61789,14.4415,2.5086,195.59,0.50782,0.51944,54.5870,0.56524,0.9825,1.5220,1.5297,4.80042,2.8141,4.7375
2024-12-03,7.1996,7.5799,4.8384,0.92526,9.1392,4.6806,4.2599,5.3722,8.1383,5.1473,1.1138,0.61693,14.6514,2.5144,193.91,0.50840,0.52001,54.6769,0.56508,0.9845,1.5215,1.5361,4.80632,2.8288,4.7658
2024-12-02,7.1865,7.5907,4.8134,0.92343,9.1462,4.6856,4.2607,5.3768,8.1580,5.1429,1.1160,0.61670,14.7104,2.5120,193.44,0.50962,0.52122,54.4038,0.56605,0.9830,1.5179,1.5373,4.81201,2.8331,4.7598
2024-11-29,7.1877,7.6087,4.7770,0.92355,9.1450,4.6908,4.2553,5.3712,8.1620,5.1475,1.1161,0.61620,14.9153,2.5139,193.12,0.50953,0.52107,54.4093,0.56570,0.9806,1.5152,1.5312,4.79932,2.8371,4.7649
2024-11-28,7.1894,7.6170,4.7834,0.92398,9.1411,4.6899,4.2600,5.3809,8.1687,5.1456,1.1153,0.61549,15.6113,2.5232,192.55,0.50907,0.52049,54.1186,0.56440,0.9799,1.5136,1.5350,4.79483,2.8467,4.7763
2024-11-27,7.1982,7.5739,4.7296,0.92505,9.0782,4.6805,4.2181,5.3634,8.1424,5.1445,1.1143,0.61620,14.5365,2.5177,192.90,0.50802,0.51963,54.1265,0.56758,0.9842,1.5206,1.5417,4.78889,2.8601,4.7986
2024-11-26,7.1910,7.5613,4.6933,0.92407,9.0608,4.6891,4.2148,5.3590,8.1374,5.1612,1.1152,0.61691,14.3711,2.5033,193.74,0.50888,0.52028,54.0476,0.56858,0.9861,1.5236,1.5382,4.79179,2.8253,4.7969
2024-11-25,7.1918,7.5645,4.6923,0.92408,9.0868,4.7227,4.2319,5.3765,8.1020,5.1817,1.1152,0.61784,14.4107,2.4979,194.19,0.50803,0.51981,54.2374,0.57224,0.9859,1.5185,1.5245,4.76334,2.8198,4.7635
2024-11-22,7.1942,7.5641,4.6919,0.92439,9.0925,4.7074,4.2359,5.3646,8.1430,5.1734,1.1148,0.61781,13.9913,2.5077,193.49,0.50801,0.51932,54.2472,0.57339,0.9856,1.5307,1.5317,4.77171,2.8270,4.7981
2024-11-21,7.1934,7.6178,4.6638,0.92425,9.1414,4.7067,4.2507,5.3806,8.1739,5.1770,1.1151,0.61807,13.8734,2.5089,193.39,0.50798,0.51922,53.7226,0.56848,0.9788,1.5256,1.5297,4.76659,2.8072,4.7872
2024-11-20,7.1935,7.6517,4.6820,0.92422,9.1589,4.7226,4.2761,5.3995,8.1807,5.1800,1.1149,0.61864,13.8902,2.5007,192.55,0.50815,0.51938,53.2581,0.56475,0.9737,1.5112,1.5171,4.76810,2.7819,4.7759
2024-11-19,7.1911,7.6386,4.6801,0.92392,9.1391,4.6943,4.2529,5.3905,8.1621,5.1496,1.1154,0.61981,13.8188,2.4901,192.72,0.50874,0.51997,53.0833,0.56323,0.9754,1.5121,1.5246,4.78401,2.7996,4.7948
2024-11-18,7.1907,7.6029,4.6738,0.92371,9.1038,4.6652,4.2342,5.3786,8.1191,5.1269,1.1156,0.61897,13.8298,2.5216,193.18,0.50852,0.51969,53.5753,0.56788,0.9802,1.5214,1.5362,4.76276,2.8192,4.8151
2024-11-15,7.1992,7.6131,4.6340,0.92499,9.1560,4.6679,4.2323,5.3709,8.1204,5.1451,1.1140,0.62038,13.7276,2.5273,194.17,0.50734,0.51869,53.2641,0.56659,0.9789,1.5202,1.5409,4.78070,2.8264,4.8387
2024-11-14,7.1966,7.6317,4.6527,0.92496,9.1801,4.6929,4.2524,5.3792,8.1553,5.1650,1.1142,0.61651,13.6273,2.5233,194.31,0.50817,0.51986,53.4086,0.56815,0.9769,1.5204,1.5407,4.75016,2.8416,4.8281
2024-11-13,7.1991,7.6875,4.6841,0.92553,9.2221,4.7253,4.2889,5.4089,8.2073,5.1915,1.1134,0.61312,13.5819,2.5013,194.57,0.50742,0.51899,53.4419,0.56606,0.9701,1.5061,1.5302,4.74664,2.8435,4.8121
2024-11-12,7.1927,7.6641,4.6810,0.92504,9.2545,4.7282,4.2906,5.3938,8.1675,5.1644,1.1141,0.61320,13.3351,2.4927,194.71,0.51073,0.52231,53.5194,0.56912,0.9731,1.5078,1.5335,4.77423,2.8314,4.7954
2024-11-11,7.1786,7.6916,4.6947,0.92323,9.2703,4.7269,4.2828,5.4082,8.1914,5.1608,1.1162,0.61090,13.5965,2.4552,194.56,0.51184,0.52339,52.9042,0.56236,0.9695,1.5079,1.5310,4.78688,2.8044,4.7749
2024-11-08,7.1433,7.7099,4.6658,0.91906,9.2697,4.7653,4.2997,5.4083,8.1855,5.1510,1.1213,0.61560,13.7110,2.4227,193.66,0.51431,0.52590,52.4780,0.55917,0.9671,1.4964,1.5231,4.80938,2.7726,4.7651
2024-11-07,7.1659,7.6862,4.6400,0.92170,9.2290,4.7074,4.2574,5.3746,8.1784,5.1396,1.1181,0.61579,13.6093,2.4634,195.53,0.51277,0.52448,53.2878,0.56590,0.9700,1.5146,1.5453,4.77391,2.8112,4.7906
2024-11-06,7.0993,7.7411,4.6750,0.91324,9.2384,4.7045,4.2608,5.3945,8.2139,5.1286,1.1287,0.61199,13.7838,2.4526,194.46,0.51743,0.52921,52.7431,0.56247,0.9631,1.5092,1.5450,4.83038,2.8413,4.7350
2024-11-05,7.1016,7.7240,4.6657,0.91356,9.2004,4.6766,4.2419,5.3823,8.2189,5.1089,1.1283,0.61600,13.8896,2.4655,193.60,0.51713,0.52885,52.8304,0.56404,0.9656,1.5096,1.5494,4.83680,2.8308,4.7535
2024-11-04,7.1203,7.7419,4.6748,0.91575,9.2259,4.6945,4.2634,5.3858,8.2042,5.1147,1.1255,0.61494,13.7582,2.4691,193.38,0.51581,0.52746,52.7677,0.56260,0.9632,1.5013,1.5460,4.82208,2.8235,4.7597
2024-11-01,7.1135,7.7421,4.6800,0.91500,9.1755,4.6808,4.2497,5.3892,8.2374,5.1071,1.1263,0.61440,13.6815,2.4747,193.32,0.51634,0.52796,52.7762,0.56232,0.9635,1.4966,1.5457,4.82230,2.8200,4.7540
2024-10-31,7.1250,7.7368,4.6480,0.91673,9.2320,4.6831,4.2551,5.3884,8.2240,5.1231,1.1242,0.61446,13.6242,2.4775,193.62,0.51543,0.52711,52.7147,0.56273,0.9641,1.4986,1.5386,4.81139,2.8311,4.7367
2024-10-30,7.1390,7.7248,4.6588,0.91877,9.2902,4.6830,4.2623,5.3941,8.2326,5.1315,1.1218,0.61275,13.6683,2.4730,193.90,0.51514,0.52603,52.4408,0.56151,0.9654,1.4899,1.5348,4.80042,2.8079,4.7179
2024-10-29,7.1283,7.7073,4.6506,0.91729,9.2439,4.6890,4.2626,5.3886,8.2383,5.1309,1.1236,0.61202,13.6376,2.4833,194.06,0.51522,0.52685,52.4497,0.56428,0.9676,1.4936,1.5414,4.81065,2.8107,4.7395
2024-10-28,7.1307,7.6990,4.6657,0.91733,9.2405,4.7116,4.2655,5.3892,8.2097,5.1322,1.1232,0.60935,13.6467,2.4769,194.79,0.51514,0.52673,52.4465,0.56427,0.9687,1.4884,1.5407,4.80922,2.7972,4.7332
2024-10-25,7.1090,7.6939,4.6844,0.91496,9.2209,4.7147,4.2698,5.3909,8.2096,5.1314,1.1266,0.61136,13.5256,2.4846,194.02,0.51666,0.52836,52.3748,0.56466,0.9696,1.4858,1.5388,4.82394,2.7888,4.7375
2024-10-24,7.1286,7.6868,4.6700,0.91755,9.2053,4.7282,4.2790,5.3880,8.2277,5.1514,1.1234,0.61058,13.4727,2.4959,193.78,0.51524,0.52680,52.4409,0.56551,0.9704,1.4856,1.5411,4.80783,2.7833,4.7413
2024-10-23,7.1245,7.6912,4.7148,0.91660,9.2475,4.7599,4.3054,5.4125,8.2314,5.1552,1.1244,0.60762,13.4549,2.4615,193.56,0.51556,0.52719,52.0300,0.56214,0.9696,1.4803,1.5332,4.80898,2.8012,4.7022
2024-10-22,7.1223,7.7016,4.7261,0.91612,9.2461,4.7405,4.2912,5.4093,8.2275,5.1485,1.1251,0.60530,13.5766,2.4733,193.62,0.51571,0.52739,52.1223,0.56084,0.9682,1.4830,1.5372,4.80883,2.8032,4.7040
2024-10-21,7.0982,7.7126,4.7465,0.91360,9.2620,4.7632,4.3115,5.4179,8.2060,5.1430,1.1282,0.60610,13.4211,2.4799,192.80,0.51744,0.52910,51.9041,0.55814,0.9669,1.4826,1.5386,4.81865,2.7992,4.6639
2024-10-18,7.1274,7.7173,4.7443,0.91696,9.2735,4.7726,4.3157,5.4216,8.2278,5.1655,1.1241,0.60467,13.6243,2.4802,192.39,0.51534,0.52696,51.8735,0.55829,0.9665,1.4799,1.5324,4.79806,2.7819,4.6575
2024-10-17,7.1220,7.7337,4.7599,0.91637,9.2511,4.7450,4.3147,5.4222,8.2265,5.1771,1.1245,0.60366,13.6441,2.4782,191.58,0.51575,0.52736,51.8579,0.55586,0.9647,1.4756,1.5333,4.79857,2.7956,4.6625
2024-10-16,7.1191,7.7508,4.7705,0.91650,9.3031,4.7620,4.3150,5.4368,8.2532,5.1666,1.1248,0.60527,13.6030,2.4794,191.67,0.51581,0.52727,51.6207,0.55373,0.9623,1.4634,1.5207,4.80794,2.7667,4.6819
2024-10-15,7.0830,7.7255,4.7319,0.91225,9.2529,4.7640,4.3147,5.4154,8.2151,5.1326,1.1296,0.60661,13.4243,2.4780,191.63,0.51857,0.53012,51.8733,0.55550,0.9656,1.4719,1.5247,4.83899,2.7405,4.6991
2024-10-14,7.0723,7.7255,4.7383,0.90992,9.2292,4.7612,4.3100,5.4119,8.2421,5.1320,1.1326,0.60657,13.5451,2.4694,190.92,0.51935,0.53101,51.9593,0.55598,0.9657,1.4689,1.5173,4.84656,2.7292,4.7003
2024-10-11,7.0731,7.7334,4.7601,0.91037,9.2361,4.7682,4.3109,5.4162,8.2571,5.1463,1.1323,0.60650,13.6692,2.4759,191.01,0.51926,0.53085,51.8812,0.55621,0.9648,1.4689,1.5175,4.84474,2.7506,4.7281
2024-10-10,7.0742,7.7392,4.7414,0.91016,9.2434,4.7507,4.2922,5.4097,8.2196,5.1594,1.1326,0.60560,13.7109,2.4969,190.35,0.51917,0.53070,51.5409,0.55519,0.9636,1.4690,1.5235,4.84248,2.7529,4.7363
2024-10-09,7.0568,7.7461,4.7604,0.90767,9.2434,4.7568,4.3256,5.4106,8.2319,5.1697,1.1344,0.60749,13.7077,2.4921,189.97,0.52041,0.53203,51.5607,0.55541,0.9628,1.4637,1.5173,4.85221,2.7422,4.7508
2024-10-08,7.0709,7.7643,4.7774,0.91042,9.2574,4.7761,4.3357,5.4230,8.2792,5.1905,1.1321,0.60578,13.6317,2.4573,190.34,0.51948,0.53127,51.7913,0.55709,0.9611,1.4639,1.5052,4.84495,2.7278,4.7371
2024-09-30,7.0074,7.8267,4.9077,0.90179,9.3761,4.8471,4.4483,5.4731,8.3318,5.1868,1.1428,0.58777,13.3868,2.4411,186.99,0.52410,0.53531,50.6811,0.54575,0.9526,1.4390,1.4981,4.87510,2.8041,4.6192
2024-09-27,7.0101,7.8326,4.8314,0.90112,9.3975,4.8322,4.4334,5.4597,8.2801,5.2023,1.1439,0.58989,13.2147,2.4521,187.77,0.52396,0.53509,50.5598,0.54565,0.9521,1.4437,1.5029,4.87579,2.7990,4.6268
2024-09-26,7.0354,7.8317,4.8636,0.90382,9.3727,4.8012,4.4044,5.4569,8.2735,5.2183,1.1407,0.58775,13.1295,2.4556,189.71,0.52204,0.53331,50.4573,0.54507,0.9524,1.4481,1.5029,4.85654,2.7924,4.6509
2024-09-25,7.0202,7.8524,4.9060,0.90194,9.4211,4.8419,4.4550,5.4720,8.3356,5.2282,1.1430,0.59017,13.2330,2.4596,189.11,0.52324,0.53447,50.2467,0.54187,0.9499,1.4376,1.4814,4.85997,2.7535,4.6474
2024-09-24,7.0510,7.8332,4.9085,0.90545,9.4093,4.8156,4.4156,5.4616,8.3197,5.2105,1.1382,0.59577,13.1904,2.4610,189.22,0.52087,0.53208,50.4076,0.54541,0.9522,1.4463,1.4875,4.84331,2.7557,4.6721
2024-09-23,7.0531,7.8714,4.9011,0.90536,9.3906,4.8018,4.3979,5.4642,8.2920,5.1989,1.1385,0.59556,13.0947,2.4726,189.10,0.52076,0.53204,49.9355,0.54253,0.9478,1.4420,1.4873,4.83908,2.7492,4.6723
2024-09-20,7.0644,7.8834,4.9493,0.90655,9.3807,4.8100,4.4062,5.4670,8.3347,5.2088,1.1369,0.59557,13.0388,2.4784,188.08,0.51986,0.53113,49.9990,0.54219,0.9462,1.4384,1.4868,4.82354,2.7340,4.6879
2024-09-19,7.0983,7.8859,4.9782,0.91060,9.3687,4.7974,4.4050,5.4776,8.3789,5.2152,1.1319,0.59824,13.0887,2.4717,187.27,0.51740,0.52869,49.9871,0.54130,0.9457,1.4383,1.4922,4.79907,2.7133,4.7063
2024-09-18,7.0870,7.8835,4.9925,0.90937,9.3307,4.7918,4.3897,5.4701,8.3736,5.2136,1.1335,0.60092,12.9121,2.4819,186.78,0.51828,0.52963,50.0581,0.54227,0.9466,1.4364,1.4956,4.80794,2.6980,4.7069
2024-09-13,7.1030,7.8680,5.0160,0.91069,9.3262,4.7757,4.3933,5.4594,8.3550,5.2315,1.1316,0.60967,12.5467,2.5015,188.02,0.51719,0.52842,50.2673,0.54478,0.9487,1.4475,1.5083,4.78492,2.7517,4.7021
2024-09-12,7.1214,7.8400,4.9930,0.91332,9.2846,4.7559,4.3695,5.4590,8.3501,5.2457,1.1283,0.60824,12.8614,2.5143,188.16,0.51579,0.52700,50.5212,0.54688,0.9517,1.4587,1.5245,4.77420,2.7806,4.7439
2024-09-11,7.1182,7.8443,5.0034,0.91293,9.3112,4.7366,4.3788,5.4581,8.4054,5.2310,1.1288,0.60975,12.7814,2.5206,188.70,0.51594,0.52707,50.5933,0.54546,0.9511,1.4573,1.5217,4.78139,2.8230,4.7282
2024-09-10,7.1136,7.8498,4.9661,0.91234,9.2986,4.7384,4.3706,5.4473,8.3748,5.2462,1.1295,0.61428,12.7277,2.5126,188.71,0.51628,0.52757,50.5371,0.54454,0.9503,1.4587,1.5231,4.79113,2.7956,4.7638
2024-09-09,7.0989,7.8708,4.9854,0.91057,9.3252,4.7369,4.3829,5.4474,8.4121,5.2349,1.1317,0.61072,12.7370,2.5141,188.53,0.51743,0.52882,50.0315,0.54379,0.9479,1.4505,1.5089,4.79080,2.8110,4.7501
2024-09-06,7.0925,7.8783,4.9459,0.91003,9.3434,4.7793,4.4120,5.4555,8.4011,5.2526,1.1324,0.61120,12.4425,2.4967,187.98,0.51791,0.52935,49.9084,0.54360,0.9469,1.4460,1.4990,4.79284,2.8049,4.7411
2024-09-05,7.0989,7.8660,4.9482,0.91081,9.3303,4.7693,4.3940,5.4464,8.3894,5.2553,1.1314,0.61239,12.3126,2.5173,188.02,0.51744,0.52879,49.9805,0.54350,0.9485,1.4470,1.4990,4.79542,2.8092,4.7874
2024-09-04,7.1148,7.8582,4.9008,0.91255,9.3273,4.7755,4.4018,5.4451,8.3709,5.2533,1.1293,0.61345,12.3337,2.5256,188.53,0.51634,0.52747,50.0895,0.54454,0.9492,1.4480,1.5021,4.77911,2.7845,4.8129
2024-09-03,7.1112,7.8654,4.8414,0.91208,9.3406,4.8254,4.4268,5.4395,8.3479,5.2669,1.1298,0.61277,12.6122,2.5085,188.22,0.51664,0.52790,49.8998,0.54268,0.9480,1.4415,1.4896,4.76942,2.7910,4.8097
2024-09-02,7.1027,7.8444,4.8480,0.91091,9.3227,4.8084,4.4374,5.4376,8.3482,5.2649,1.1313,0.60891,12.7579,2.5109,188.48,0.51735,0.52859,50.0939,0.54653,0.9509,1.4452,1.4933,4.79963,2.7756,4.7963
2024-08-30,7.1124,7.8807,4.9054,0.91222,9.3638,4.8345,4.4552,5.4588,8.3943,5.2732,1.1297,0.60603,12.9376,2.4957,187.67,0.51641,0.52766,49.8353,0.54367,0.9465,1.4370,1.4765,4.79217,2.7904,4.7718
2024-08-29,7.1299,7.9318,4.9386,0.91423,9.4054,4.8372,4.4571,5.4711,8.4737,5.2907,1.1272,0.60878,12.8394,2.5011,187.42,0.51519,0.52636,49.6173,0.54185,0.9404,1.4302,1.4742,4.79189,2.7623,4.7741
2024-08-28,7.1216,7.9616,4.9516,0.91278,9.4416,4.8352,4.4478,5.4731,8.4637,5.2961,1.1290,0.61003,12.8508,2.4890,186.68,0.51577,0.52695,49.3443,0.53786,0.9370,1.4252,1.4690,4.77966,2.7790,4.7629
2024-08-27,7.1249,7.9494,4.9302,0.91359,9.3926,4.8251,4.4212,5.4617,8.4091,5.2828,1.1280,0.61094,12.9166,2.4871,186.62,0.51576,0.52691,49.6167,0.53859,0.9385,1.4339,1.4804,4.77832,2.7232,4.7715
2024-08-26,7.1139,7.9584,4.9485,0.91267,9.3934,4.8268,4.4275,5.4693,8.3966,5.2643,1.1293,0.61286,12.8576,2.4942,186.17,0.51660,0.52776,49.4499,0.53637,0.9378,1.4337,1.4719,4.78373,2.7068,4.7731
2024-08-23,7.1358,7.9316,4.8864,0.91524,9.3469,4.7885,4.3886,5.4474,8.3805,5.2477,1.1259,0.61470,12.8050,2.5241,187.97,0.51467,0.52581,49.6231,0.54013,0.9406,1.4344,1.4837,4.76018,2.7344,4.8283
2024-08-22,7.1228,7.9463,4.9139,0.91411,9.3254,4.8072,4.3881,5.4595,8.3733,5.2440,1.1274,0.61370,12.8356,2.5054,187.14,0.51556,0.52658,49.3874,0.53809,0.9392,1.4297,1.4739,4.76177,2.7063,4.8103
2024-08-21,7.1307,7.9325,4.9141,0.91553,9.2902,4.8097,4.3903,5.4653,8.3615,5.2357,1.1259,0.61282,12.7802,2.4965,186.56,0.51522,0.52638,49.5977,0.53877,0.9405,1.4311,1.4717,4.75480,2.6658,4.7912
2024-08-20,7.1325,7.9026,4.8581,0.91600,9.2570,4.7991,4.3593,5.4516,8.2588,5.2284,1.1250,0.61328,12.6123,2.4856,186.99,0.51524,0.52638,49.8588,0.53962,0.9446,1.4460,1.4804,4.73565,2.6188,4.8222
2024-08-19,7.1415,7.8748,4.8279,0.91624,9.2417,4.7656,4.3241,5.4294,8.2285,5.2201,1.1247,0.61705,12.5240,2.5006,188.75,0.51448,0.52551,50.1385,0.54173,0.9483,1.4613,1.4961,4.71618,2.6082,4.8431
2024-08-16,7.1464,7.8488,4.7945,0.91654,9.1972,4.7314,4.2847,5.4086,8.1966,5.2095,1.1243,0.62267,12.4196,2.5169,190.33,0.51373,0.52491,50.4635,0.54703,0.9514,1.4734,1.5024,4.71130,2.6113,4.8954
2024-08-15,7.1399,7.8618,4.8479,0.91626,9.1568,4.7086,4.2812,5.4229,8.2519,5.2056,1.1244,0.61929,12.5791,2.5312,190.28,0.51439,0.52563,50.2489,0.54570,0.9490,1.4659,1.5013,4.70634,2.6361,4.9114
2024-08-14,7.1415,7.8517,4.8607,0.91691,9.1864,4.7373,4.3404,5.4224,8.2557,5.2091,1.1239,0.62070,12.8133,2.5356,190.78,0.51432,0.52570,50.0965,0.54614,0.9506,1.4651,1.5031,4.69147,2.6605,4.9022
2024-08-13,7.1479,7.8217,4.8684,0.91743,9.1349,4.7142,4.3126,5.4023,8.2668,5.2089,1.1232,0.62231,12.7003,2.5508,191.28,0.51337,0.52462,50.4010,0.55102,0.9547,1.4706,1.5104,4.68687,2.6635,4.9051
2024-08-12,7.1458,7.8038,4.8669,0.91623,9.1146,4.6985,4.2910,5.3980,8.2603,5.2049,1.1247,0.61817,12.3853,2.5614,190.71,0.51386,0.52489,50.5595,0.55399,0.9574,1.4707,1.5134,4.68812,2.6352,4.9230
2024-08-09,7.1449,7.8064,4.8486,0.91658,9.1139,4.7127,4.2976,5.3928,8.2527,5.2067,1.1243,0.62604,12.1203,2.5674,192.15,0.51365,0.52476,50.7918,0.55415,0.9566,1.4701,1.5167,4.69263,2.6417,4.9304
2024-08-08,7.1460,7.8151,4.9002,0.91733,9.0701,4.6617,4.2880,5.3882,8.3198,5.2008,1.1234,0.62821,11.9826,2.5742,192.43,0.51381,0.52506,50.9897,0.55408,0.9558,1.4639,1.5119,4.69123,2.6996,4.9722
2024-08-07,7.1386,7.7995,4.9409,0.91562,9.0601,4.6563,4.2683,5.3855,8.3724,5.1807,1.1255,0.62655,11.9896,2.5900,192.62,0.51443,0.52582,51.0200,0.55279,0.9567,1.4756,1.5298,4.70940,2.7276,4.9656
2024-08-06,7.1318,7.8143,4.9069,0.91556,9.1201,4.6487,4.2481,5.3831,8.3489,5.1658,1.1255,0.62223,11.9134,2.5938,191.86,0.51520,0.52657,50.8086,0.55083,0.9558,1.4780,1.5434,4.68324,2.6953,4.9670
2024-08-05,7.1345,7.7889,4.9003,0.91737,9.1261,4.6389,4.2483,5.3798,8.3266,5.1449,1.1264,0.62551,11.9814,2.5667,190.75,0.51487,0.52609,51.1592,0.55201,0.9601,1.4826,1.5348,4.65732,2.7213,4.9494
2024-08-02,7.1376,7.7246,4.8075,0.91343,9.1208,4.6594,4.2653,5.3508,8.1915,5.1661,1.1281,0.63951,11.9112,2.5582,191.01,0.51333,0.52447,51.4843,0.55891,0.9690,1.4980,1.5294,4.63361,2.6500,4.9495
2024-08-01,7.1323,7.7359,4.7699,0.91283,9.1809,4.6796,4.2620,5.3416,8.1243,5.1770,1.1289,0.64168,12.0207,2.5519,191.10,0.51447,0.52554,51.0704,0.55620,0.9676,1.4975,1.5281,4.64457,2.6167,4.9586
2024-07-31,7.1346,7.7439,4.6958,0.91336,9.1900,4.6893,4.2392,5.3295,8.1016,5.1733,1.1283,0.64733,11.9643,2.5619,192.56,0.51352,0.52451,51.2323,0.55605,0.9666,1.5034,1.5308,4.62824,2.6315,4.9935
2024-07-30,7.1364,7.7497,4.6645,0.91354,9.2113,4.6996,4.2238,5.3293,8.0721,5.1750,1.1280,0.65022,12.0148,2.5787,192.17,0.51319,0.52416,50.9228,0.55645,0.9661,1.5124,1.5371,4.61802,2.6190,5.0018
2024-07-29,7.1316,7.7679,4.6526,0.91339,9.2092,4.7016,4.2319,5.3231,8.0813,5.1821,1.1282,0.65309,11.9824,2.5606,192.48,0.51366,0.52470,50.5107,0.55228,0.9639,1.5111,1.5403,4.60398,2.5872,5.0081
2024-07-26,7.1270,7.7599,4.6617,0.91304,9.1920,4.6825,4.2203,5.3207,8.1091,5.1775,1.1286,0.65409,11.8460,2.5715,192.79,0.51390,0.52490,50.7225,0.55392,0.9644,1.5138,1.5432,4.63362,2.5899,5.0489
2024-07-25,7.1321,7.7643,4.6703,0.91340,9.2392,4.7168,4.2583,5.3289,8.0800,5.1923,1.1283,0.65536,11.9976,2.5677,192.04,0.51332,0.52426,50.8899,0.55589,0.9649,1.5041,1.5414,4.58919,2.5798,5.0210
2024-07-24,7.1358,7.7764,4.6107,0.91381,9.2465,4.7483,4.2818,5.3225,8.0260,5.2052,1.1277,0.65568,12.2057,2.5734,192.31,0.51296,0.52391,50.4264,0.55275,0.9631,1.5022,1.5392,4.58439,2.5480,5.0209
2024-07-23,7.1334,7.8047,4.5756,0.91377,9.2674,4.7687,4.2993,5.3189,8.0414,5.2150,1.1277,0.65647,12.2112,2.5519,192.59,0.51296,0.52388,50.1414,0.55078,0.9595,1.4960,1.5305,4.59903,2.5176,5.0494
2024-07-22,7.1335,7.8087,4.5666,0.91333,9.2679,4.8073,4.3292,5.3247,8.0564,5.2333,1.1283,0.65689,12.2111,2.5474,192.77,0.51301,0.52387,50.2430,0.55143,0.9585,1.4848,1.5173,4.61948,2.5233,5.0422
2024-07-19,7.1315,7.8090,4.5691,0.91311,9.2795,4.8142,4.3462,5.3262,8.0621,5.2354,1.1287,0.65487,12.2886,2.5516,192.29,0.51287,0.52376,50.2571,0.55187,0.9587,1.4782,1.5104,4.62126,2.5207,5.0205
2024-07-18,7.1285,7.8253,4.6067,0.91317,9.3015,4.8193,4.3626,5.3326,8.0878,5.2325,1.1287,0.65437,12.3152,2.5493,191.80,0.51408,0.52495,50.1731,0.55078,0.9572,1.4736,1.5011,4.62926,2.4914,4.9998
2024-07-17,7.1318,7.8089,4.5384,0.91358,9.2932,4.8290,4.3577,5.3227,8.0045,5.2453,1.1283,0.65559,12.2949,2.5244,192.17,0.51318,0.52409,50.4199,0.55073,0.9583,1.4785,1.5064,4.61557,2.4784,5.0089
2024-07-16,7.1328,7.8047,4.5429,0.91368,9.2888,4.8517,4.3666,5.3237,7.9855,5.2434,1.1281,0.65550,12.2674,2.5468,192.39,0.51321,0.52411,50.3652,0.54780,0.9593,1.4799,1.5103,4.61062,2.4883,5.0273
2024-07-15,7.1313,7.7929,4.5354,0.91333,9.2826,4.8538,4.3776,5.3252,7.9715,5.2499,1.1284,0.65555,12.2336,2.5186,191.41,0.51344,0.52431,50.5374,0.54830,0.9606,1.4717,1.5011,4.62028,2.4838,5.0336
2024-07-12,7.1315,7.7726,4.5253,0.91339,9.2324,4.8412,4.3655,5.3198,7.9636,5.2490,1.1281,0.65646,12.1454,2.5204,191.18,0.51430,0.52518,50.8795,0.55083,0.9640,1.4683,1.5009,4.61373,2.4967,5.0253
2024-07-11,7.1339,7.7628,4.4570,0.91340,9.2079,4.8463,4.3784,5.3093,7.9527,5.2677,1.1280,0.65865,12.3106,2.5320,192.02,0.51214,0.52418,50.9273,0.55151,0.9645,1.4714,1.4964,4.59105,2.5028,5.0466
2024-07-10,7.1342,7.7495,4.4628,0.91329,9.1633,4.8399,4.4065,5.2984,7.9703,5.2621,1.1281,0.66002,12.1867,2.5385,192.23,0.51301,0.52388,51.1001,0.55169,0.9661,1.4720,1.4810,4.59262,2.5116,5.0579
2024-07-09,7.1310,7.7535,4.4748,0.91304,9.1725,4.8354,4.4058,5.2982,7.9659,5.2570,1.1281,0.66082,12.1567,2.5339,192.22,0.51352,0.52442,51.0997,0.55277,0.9657,1.4762,1.4813,4.57130,2.5262,5.0651
2024-07-08,7.1286,7.7470,4.4739,0.91240,9.1630,4.8353,4.4107,5.3010,7.9790,5.2503,1.1294,0.66123,12.2371,2.5420,191.71,0.51376,0.52468,50.8978,0.55562,0.9667,1.4669,1.4765,4.56366,2.5415,5.0711
2024-07-05,7.1289,7.7409,4.4590,0.91292,9.1290,4.8229,4.3931,5.2896,7.9380,5.2627,1.1291,0.66091,12.3742,2.5562,191.82,0.51360,0.52454,51.0070,0.55578,0.9677,1.4665,1.4780,4.56099,2.5402,5.0927
2024-07-04,7.1305,7.7232,4.4517,0.91290,9.1196,4.8099,4.3853,5.2849,7.9258,5.2541,1.1288,0.66199,12.3043,2.5786,192.57,0.51363,0.52459,51.3310,0.55909,0.9697,1.4654,1.4764,4.54979,2.5530,5.1022
2024-07-03,7.1312,7.6939,4.4552,0.91278,9.0831,4.7830,4.3697,5.2735,7.9080,5.2413,1.1292,0.66240,12.2126,2.6036,192.75,0.51350,0.52449,51.5206,0.56252,0.9728,1.4767,1.4917,4.54881,2.5640,5.1221
2024-07-02,7.1291,7.6892,4.4587,0.91267,9.0582,4.7779,4.3630,5.2703,7.9209,5.2237,1.1293,0.66156,12.0704,2.5647,192.16,0.51326,0.52425,51.5536,0.56387,0.9738,1.4806,1.4899,4.55935,2.5801,5.1064
2024-07-01,7.1265,7.6787,4.4682,0.91261,9.0427,4.7768,4.3758,5.2713,7.9344,5.2336,1.1293,0.66210,11.9275,2.5301,192.07,0.51434,0.52539,51.6287,0.56429,0.9756,1.4781,1.4921,4.57867,2.5690,5.1151
2024-06-28,7.1268,7.6617,4.4738,0.91268,9.0430,4.7650,4.3690,5.2790,7.9471,5.2274,1.1291,0.66248,11.8894,2.5846,192.73,0.51381,0.52475,51.9800,0.56533,0.9774,1.4844,1.4913,4.59736,2.5924,5.1240
2024-06-27,7.1270,7.6501,4.4783,0.91272,9.0423,4.7697,4.3710,5.2658,7.9724,5.2334,1.1285,0.66188,12.2668,2.5410,193.15,0.51305,0.52406,52.1134,0.56675,0.9786,1.4726,1.4928,4.58718,2.5721,5.1317
2024-06-26,7.1248,7.6654,4.5001,0.91235,9.0782,4.7653,4.3963,5.2785,7.9819,5.2456,1.1297,0.66085,12.2169,2.5537,193.16,0.51366,0.52472,51.8902,0.56362,0.9769,1.4682,1.4850,4.60770,2.5478,5.1076
2024-06-25,7.1225,7.6703,4.4940,0.91234,9.0603,4.7626,4.3898,5.2774,7.9856,5.2363,1.1298,0.66203,12.2228,2.5385,192.88,0.51444,0.52547,51.7358,0.56189,0.9766,1.4654,1.4769,4.61097,2.5250,5.1107
2024-06-24,7.1201,7.6507,4.4952,0.91239,9.0450,4.7589,4.3903,5.2780,7.9915,5.2314,1.1296,0.66139,12.3928,2.5215,193.08,0.51351,0.52448,52.0725,0.56809,0.9785,1.4677,1.4792,4.58916,2.5459,5.1108
2024-06-21,7.1196,7.6623,4.5182,0.91232,9.0624,4.7761,4.3995,5.2794,8.0161,5.2418,1.1297,0.66207,12.1308,2.5163,193.02,0.51366,0.52463,52.0393,0.56749,0.9773,1.4664,1.4745,4.59046,2.5789,5.1100
2024-06-20,7.1192,7.6801,4.5378,0.91199,9.0866,4.7761,4.4016,5.2864,8.0651,5.2181,1.1301,0.66194,11.6270,2.5154,192.39,0.51453,0.52553,51.7824,0.56574,0.9752,1.4602,1.4792,4.55255,2.5940,5.1083
2024-06-19,7.1159,7.6687,4.5381,0.91137,9.0706,4.7619,4.3979,5.2809,8.0606,5.2098,1.1309,0.66211,11.9538,2.5312,192.31,0.51482,0.52589,51.6200,0.56827,0.9766,1.4621,1.4833,4.56326,2.5916,5.1116
2024-06-18,7.1148,7.6749,4.5461,0.91095,9.0828,4.7364,4.3976,5.2847,8.0268,5.2162,1.1314,0.66189,12.3627,2.5575,192.01,0.51415,0.52526,51.7514,0.56845,0.9752,1.4649,1.4922,4.59262,2.6077,5.1262
2024-06-17,7.1149,7.6555,4.5502,0.91087,9.0758,4.7405,4.4047,5.2805,8.0163,5.2132,1.1308,0.66280,12.4745,2.5731,192.09,0.51372,0.52468,52.2164,0.57394,0.9777,1.4703,1.4944,4.58138,2.5995,5.1042
2024-06-14,7.1151,7.6795,4.5603,0.91091,9.1228,4.7518,4.4196,5.2896,7.9858,5.2104,1.1313,0.66204,12.2412,2.5821,191.32,0.51400,0.52496,51.9372,0.56897,0.9746,1.4650,1.4905,4.54846,2.5937,5.1127
2024-06-13,7.1122,7.7197,4.5636,0.91080,9.1306,4.7624,4.4269,5.2941,7.9672,5.2064,1.1314,0.66259,12.4492,2.5797,190.93,0.51493,0.52585,51.3977,0.56377,0.9700,1.4536,1.4832,4.53044,2.6404,5.1086
2024-06-12,7.1133,7.6788,4.5588,0.91081,9.1085,4.7348,4.4099,5.2822,7.9499,5.2053,1.1314,0.66300,12.4319,2.6010,191.63,0.51400,0.52484,51.6968,0.56793,0.9745,1.4661,1.4969,4.53053,2.6096,5.1125
2024-06-11,7.1135,7.6970,4.5596,0.91059,9.1060,4.7335,4.3996,5.2840,7.9653,5.2048,1.1315,0.66334,12.3768,2.6241,191.24,0.51393,0.52475,51.3312,0.56486,0.9725,1.4648,1.4897,4.53090,2.5942,5.1153
2024-06-07,7.1106,7.7760,4.5984,0.91037,9.1305,4.7688,4.4391,5.3027,8.0228,5.2281,1.1320,0.66044,12.4433,2.6636,190.71,0.51489,0.52581,50.3500,0.55331,0.9628,1.4547,1.4796,4.52143,2.5180,5.0789
2024-06-06,7.1108,7.7664,4.5896,0.91061,9.1353,4.7598,4.4401,5.2945,7.9992,5.2219,1.1317,0.66066,12.4174,2.6573,190.93,0.51476,0.52566,50.5004,0.55497,0.9639,1.4549,1.4818,4.51769,2.4635,5.1004
2024-06-05,7.1097,7.7698,4.6174,0.91024,9.1199,4.7550,4.4251,5.2994,8.0223,5.2268,1.1321,0.66099,12.4731,2.6273,191.69,0.51477,0.52566,50.8241,0.55683,0.9634,1.4615,1.4808,4.57172,2.5058,5.1034
2024-06-04,7.1083,7.7787,4.5781,0.90911,9.1316,4.7777,4.4296,5.2968,7.9635,5.2359,1.1335,0.66069,12.4609,2.6024,191.75,0.51559,0.52650,50.3868,0.55156,0.9626,1.4594,1.4666,4.51420,2.4865,5.1194
2024-06-03,7.1086,7.7457,4.5504,0.90892,9.0951,4.7584,4.4032,5.2813,7.9135,5.2440,1.1339,0.66199,12.6036,2.6379,192.58,0.51495,0.52585,50.4931,0.55400,0.9662,1.4750,1.4729,4.51538,2.3877,5.1329
2024-05-31,7.1088,7.7322,4.5611,0.90927,9.0853,4.7402,4.3805,5.2849,7.9016,5.2224,1.1328,0.66153,12.5706,2.6287,192.21,0.51490,0.52585,50.5333,0.55603,0.9679,1.4832,1.4790,4.51777,2.3924,5.1217
2024-05-30,7.1111,7.7222,4.5480,0.91019,9.0814,4.7366,4.3877,5.2831,7.8333,5.2189,1.1322,0.66194,12.4675,2.5862,190.72,0.51387,0.52480,50.4543,0.55683,0.9694,1.4924,1.4829,4.51314,2.3936,5.1302
2024-05-29,7.1106,7.7508,4.5519,0.91025,9.1116,4.7558,4.4015,5.2907,7.8283,5.2388,1.1321,0.66056,12.3499,2.5650,189.70,0.51473,0.52560,49.8666,0.55153,0.9664,1.4808,1.4744,4.51568,2.3623,5.1060
2024-05-28,7.1101,7.7504,4.5584,0.91082,9.1096,4.7561,4.4047,5.2867,7.8104,5.2393,1.1314,0.66047,12.3953,2.5803,189.80,0.51541,0.52635,49.8616,0.55243,0.9667,1.4873,1.4722,4.50483,2.3467,5.1034
2024-05-27,7.1091,7.7402,4.5595,0.90981,9.0851,4.7352,4.3828,5.2828,7.8036,5.2227,1.1327,0.66256,12.4942,2.5837,190.54,0.51516,0.52605,49.8270,0.55169,0.9673,1.4938,1.4872,4.51551,2.3459,5.1135
2024-05-24,7.1102,7.7254,4.5615,0.91048,9.0717,4.7269,4.3733,5.2814,7.8142,5.2108,1.1319,0.66226,12.7711,2.5898,190.30,0.51447,0.52534,50.2239,0.55441,0.9692,1.5021,1.4950,4.50951,2.3520,5.1021
2024-05-23,7.1098,7.7330,4.5695,0.91094,9.0867,4.7396,4.3755,5.2881,7.8056,5.2247,1.1312,0.66058,12.5728,2.5656,190.09,0.51460,0.52545,50.2695,0.55435,0.9683,1.5026,1.5002,4.51145,2.3431,5.0794
2024-05-22,7.1077,7.7508,4.5814,0.91072,9.0746,4.7694,4.3668,5.2940,7.8356,5.2401,1.1316,0.66053,12.6120,2.5352,190.12,0.51493,0.52582,49.9324,0.55085,0.9658,1.4969,1.4952,4.51147,2.3386,5.0751
2024-05-21,7.1069,7.7503,4.5754,0.91153,9.0705,4.7687,4.3743,5.2916,7.8401,5.2439,1.1306,0.65990,12.6632,2.5502,189.52,0.51508,0.52598,50.0050,0.55117,0.9660,1.4972,1.5008,4.51516,2.3296,5.0398
2024-05-20,7.1042,7.7528,4.5866,0.91034,9.0583,4.7843,4.3862,5.2950,7.8440,5.2448,1.1318,0.65956,12.7079,2.5523,189.16,0.51547,0.52633,50.1038,0.55151,0.9652,1.5008,1.4983,4.52229,2.3362,5.0451
2024-05-17,7.1045,7.7446,4.5959,0.91057,9.0302,4.7679,4.3801,5.2896,7.8641,5.2387,1.1317,0.65954,12.7000,2.5553,188.56,0.51589,0.52678,50.1120,0.55200,0.9669,1.5032,1.5027,4.52675,2.3493,5.0626
2024-05-16,7.1020,7.7498,4.6241,0.90998,9.0268,4.7715,4.3723,5.2927,7.8971,5.2364,1.1327,0.66064,12.7349,2.5693,189.69,0.51663,0.52754,49.9495,0.55182,0.9661,1.4971,1.4993,4.52325,2.3517,5.0852
2024-05-15,7.1049,7.7129,4.5676,0.90955,8.9750,4.7316,4.3240,5.2695,7.8634,5.2275,1.1330,0.66314,12.7489,2.5845,190.50,0.51534,0.52636,50.2348,0.55560,0.9708,1.5152,1.5165,4.52866,2.3717,5.1095
2024-05-14,7.1053,7.6951,4.5752,0.90962,8.9538,4.7197,4.3069,5.2657,7.8513,5.2222,1.1329,0.66578,12.7786,2.5784,190.73,0.51546,0.52634,50.4854,0.55918,0.9729,1.5199,1.5177,4.52408,2.3651,5.1389
2024-05-13,7.1030,7.6829,4.5867,0.90889,8.9354,4.7173,4.3084,5.2604,7.8694,5.2207,1.1337,0.66716,12.9200,2.5886,191.19,0.51538,0.52626,50.6770,0.56204,0.9742,1.5199,1.5224,4.52280,2.3625,5.1345
2024-05-10,7.1011,7.6817,4.5954,0.90867,8.9223,4.7210,4.3121,5.2634,7.8643,5.2137,1.1341,0.66689,12.9291,2.5955,191.00,0.51585,0.52677,50.6830,0.55989,0.9741,1.5223,1.5239,4.53194,2.3651,5.1372
2024-05-09,7.1028,7.6639,4.5939,0.90878,8.9103,4.6984,4.2934,5.2583,7.8544,5.2015,1.1339,0.66723,12.8120,2.6091,190.50,0.51530,0.52620,50.9183,0.56311,0.9761,1.5286,1.5299,4.52791,2.3813,5.1611
2024-05-08,7.1016,7.6659,4.6145,0.90788,8.9162,4.7064,4.2904,5.2582,7.8494,5.1983,1.1351,0.66729,12.7718,2.5993,190.10,0.51537,0.52625,50.9288,0.56457,0.9759,1.5229,1.5322,4.52537,2.3811,5.1616
2024-05-07,7.1002,7.6742,4.6289,0.90806,8.9500,4.7274,4.2946,5.2679,7.8609,5.2178,1.1349,0.66772,12.7709,2.5965,189.54,0.51574,0.52662,50.8056,0.56310,0.9749,1.5170,1.5211,4.52789,2.3775,5.1521
2024-05-06,7.0994,7.6632,4.6550,0.90886,8.9325,4.7134,4.2896,5.2702,7.8639,5.2066,1.1333,0.66764,12.8082,2.6038,190.16,0.51636,0.52728,51.0261,0.56628,0.9768,1.5171,1.5267,4.54310,2.3936,5.1425
2024-04-30,7.1063,7.6458,4.5770,0.90805,8.9594,4.6905,4.2781,5.2410,7.8319,5.2255,1.1349,0.67161,13.0020,2.6177,191.65,0.51523,0.52614,51.4039,0.56669,0.9794,1.5321,1.5430,4.54533,2.3953,5.1740
2024-04-29,7.1066,7.6486,4.5252,0.90772,8.9358,4.6811,4.2648,5.2446,7.8208,5.2368,1.1353,0.67122,12.8098,2.6389,191.72,0.51461,0.52547,51.5704,0.56767,0.9789,1.5292,1.5435,4.55424,2.4154,5.1590
2024-04-26,7.1056,7.6561,4.5967,0.90777,8.9250,4.6636,4.2691,5.2460,7.8182,5.2306,1.1355,0.67246,12.8598,2.6726,191.35,0.51515,0.52606,51.5560,0.56602,0.9779,1.5249,1.5376,4.56196,2.4215,5.1646
2024-04-25,7.1058,7.6372,4.6082,0.90743,8.8932,4.6465,4.2528,5.2364,7.8045,5.2140,1.1360,0.67283,12.8753,2.6997,191.46,0.51498,0.52587,51.8177,0.57016,0.9804,1.5247,1.5421,4.56384,2.4040,5.1717
2024-04-24,7.1048,7.6332,4.6199,0.90678,8.8759,4.6333,4.2478,5.2345,7.8192,5.2242,1.1364,0.67261,12.9988,2.6848,191.41,0.51553,0.52654,51.7286,0.56707,0.9812,1.5160,1.5313,4.56517,2.3892,5.1534
2024-04-23,7.1059,7.6053,4.6228,0.90687,8.8148,4.6119,4.2402,5.2357,7.8279,5.2161,1.1364,0.67255,13.0756,2.6938,192.08,0.51493,0.52591,52.0453,0.56995,0.9846,1.5246,1.5402,4.56440,2.4113,5.1699
2024-04-22,7.1043,7.5955,4.6334,0.90696,8.8456,4.5944,4.2097,5.2413,7.8306,5.2012,1.1362,0.67160,12.9834,2.6824,191.91,0.51514,0.52613,51.7552,0.56548,0.9844,1.5301,1.5451,4.56005,2.3955,5.1528
2024-04-19,7.1046,7.5873,4.6329,0.90711,8.8870,4.5870,4.2103,5.2378,7.8220,5.1945,1.1360,0.67238,13.1010,2.6832,191.93,0.51518,0.52622,51.8617,0.57014,0.9863,1.5371,1.5507,4.55756,2.3940,5.1351
2024-04-18,7.1020,7.5980,4.6363,0.90707,8.8854,4.5929,4.2149,5.2392,7.8271,5.1863,1.1373,0.67259,13.1411,2.6681,192.08,0.51583,0.52666,51.6907,0.56945,0.9845,1.5342,1.5447,4.55275,2.3795,5.1351
数据来源：,中国货币网,,,,,,,,,,,,,,,,,,,,,,,,
,www.chinamoney.com.cn,,,,,,,,,,,,,,,,,,,,,,,,
